Location,Date,Name
Middle East | Virtual,14 – 15 Feb 2022,"Gartner Security & Risk Management Summit
"
Americas | Virtual,28 Feb – 1 Mar 2022,Gartner CIO Leadership Forum
EMEA | Virtual,7 – 8 Mar 2022,Gartner CIO Leadership Forum
India | Virtual,7 – 8 Mar 2022,Gartner Security & Risk Management Summit
APAC | Virtual,21 – 22 Mar 2022,"Gartner IT Infrastructure, Operations & Cloud Strategies Conference"
Americas | Virtual,3 – 4 May 2022,"Gartner Application Innovation & Business Solutions Summit 
"
"London, U.K.",9 – 11 May 2022,Gartner Data & Analytics Summit
"London, U.K.",12 – 13 May 2022,Gartner Identity & Access Management Summit
EMEA | Virtual,16 – 17 May 2022,"Gartner Application Innovation & Business Solutions Summit 
"
Americas | Virtual,17 – 18 May 2022,"Gartner CSO & Sales Leader Conference 
"
EMEA | Virtual,18 – 19 May 2022,Gartner Digital Workplace Summit
APAC | Virtual,23 – 24 May 2022,Gartner CIO Leadership Forum
Americas | Virtual,23 – 25 May 2022,"Gartner Marketing Symposium/Xpo™
"
"National Harbor, MD",6 – 7 Jun 2022,Gartner CFO & Finance Executive Conference
"Orlando, FL",6 – 8 Jun 2022,Gartner Supply Chain Symposium/Xpo™
"National Harbor, MD",7 – 10 Jun 2022,Gartner Security & Risk Management Summit
Japan | Virtual,16 – 17 Jun 2022,ガートナー アプリケーション・イノベーション & ビジネス・ソリューション サミット
Americas | Virtual,21 – 22 Jun 2022,"Gartner Digital Workplace Summit
"
"Sydney, Australia",21 – 22 Jun 2022,Gartner Security & Risk Management Summit
Japan | Virtual,6 – 7 Jul 2022,Gartner CIO Leadership Forum
"Hertfordshire, UK",11 – 12 Jul 2022,Gartner Supply Chain Leaders Forum
Americas I Virtual,12 – 13 Jul 2022,Gartner Tech Growth & Innovation Conference
"Tokyo, Japan",25 – 27 Jul 2022,ガートナー セキュリティ & リスク・マネジメント サミット
"Las Vegas, NV",22 – 24 Aug 2022,Gartner Identity & Access Management Summit
"Orlando, FL",22 – 24 Aug 2022,Gartner Data & Analytics Summit
Japan | Virtual,29 – 30 Aug 2022,ガートナー デジタル・ワークプレース サミット
"Gold Coast, Australia",12 – 14 Sep 2022,Gartner IT Symposium/Xpo™
"London, UK",12 – 14 Sep 2022,Gartner Security & Risk Management Summit
"Tokyo, Japan",14 – 16 Sep 2022,ガートナー データ & アナリティクス サミット
"London, UK",15 – 16 Sep 2022,Gartner ReimagineHR Conference
"Mumbai, India",19 – 20 Sep 2022,Gartner Data & Analytics Summit
"London, UK",27 – 29 Sep 2022,"Gartner Supply Chain Symposium/Xpo™
"
"Orlando, FL",17 – 20 Oct 2022,Gartner IT Symposium/Xpo™
"Orlando, FL",24 – 26 Oct 2022,Gartner ReimagineHR Conference
"Tokyo, Japan",31 Oct – 2 Nov 2022,Gartner IT Symposium/Xpo™
"Sydney, Australia",7 – 8 Nov 2022,Gartner Data & Analytics Summit
"Barcelona, Spain",7 – 10 Nov 2022,Gartner IT Symposium/Xpo™
"Kochi, India",14 – 16 Nov 2022,Gartner IT Symposium/Xpo™
"London, UK",21 – 22 Nov 2022,"Gartner IT Infrastructure, Operations & Cloud Strategies Conference"
"Las Vegas, NV",6 – 8 Dec 2022,"Gartner IT Infrastructure, Operations & Cloud Strategies Conference "
"Tokyo, Japan",13 – 14 Dec 2022,ガートナー ITインフラストラクチャ、オペレーション & クラウド戦略コンファレンス
